specialization,class,core_type,extends_chain
UltimateShield_Base,UltimateShieldAbility,ToggleManaAbility,ToggleManaAbility
Fangs_Base,EvokerFangsAbility,InstantManaAbility,InstantManaAbility
Fangs_Maw,EvokerFangsMawAbility,InstantManaAbility,InstantManaAbility
Expunge_Base,ExpungeAbility,InstantManaAbility,InstantManaAbility
Concentrate_Base,ConcentrateAbility,InstantManaAbility,InstantManaAbility
Colossus_Base,ColossusAbility,InstantManaAbility,InstantManaAbility
Sneaky_Getaway,SneakyGetawayAbility,InstantManaAbility,InstantManaAbility
Heal_Base,HealAbility,InstantManaAbility,AbstractHealAbility > InstantManaAbility
Heal_Group,HealGroupAbility,InstantManaAbility,AbstractHealAbility > InstantManaAbility
Heal_Cleanse,HealEffectAbility,InstantManaAbility,AbstractHealAbility > InstantManaAbility
Dash_Base,DashAbility,InstantManaAbility,InstantManaAbility
Dash_Damage,DashDamageAbility,InstantManaAbility,DashAbility > InstantManaAbility
Dash_Warp,DashWarpAbility,InstantManaAbility,InstantManaAbility
Nova_Base,NovaAbility,InstantManaAbility,AbstractNovaAbility > InstantManaAbility
Nova_Slow,NovaSpeedAbility,InstantManaAbility,AbstractNovaAbility > InstantManaAbility
Nova_Dot,NovaDotAbility,InstantManaAbility,AbstractNovaAbility > InstantManaAbility
Execute_Base,ExecuteAbility,InstantAbility,InstantAbility
Ghost_Walk_Base,GhostWalkAbility,InstantManaAbility,InstantManaAbility
Ghost_Walk_Spirit,GhostWalkSpiritAbility,InstantManaAbility,GhostWalkAbility > InstantManaAbility
Mega_Jump_Base,MegaJumpAbility,InstantManaAbility,AbstractMegaJumpAbility > InstantManaAbility
Mega_Jump_Break_Up,MegaJumpBreakUpAbility,InstantManaAbility,MegaJumpAbility > AbstractMegaJumpAbility > InstantManaAbility
Mega_Jump_Break_Down,MegaJumpBreakDownAbility,InstantManaAbility,MegaJumpAbility > AbstractMegaJumpAbility > InstantManaAbility
Levitate,LevitateAbility,HoldManaAbility,HoldManaAbility
Rampage_Base,RampageAbility,ToggleManaAbility,AbstractRampageAbility > ToggleManaAbility
Rampage_Bloodlust,RampageBloodlustAbility,ToggleManaAbility,RampageAbility > AbstractRampageAbility > ToggleManaAbility
Rampage_Berserker,RampageBerserkerAbility,ToggleManaAbility,RampageAbility > AbstractRampageAbility > ToggleManaAbility
Rampage_Instinct,RampageInstinctAbility,ToggleManaAbility,RampageAbility > AbstractRampageAbility > ToggleManaAbility
Rampage_Leech,RampageLeechAbility,ToggleManaAbility,AbstractRampageAbility > ToggleManaAbility
Rampage_Chain,RampageChainAbility,ToggleManaAbility,AbstractRampageAbility > ToggleManaAbility
Smite_Base,SmiteAbility,ToggleManaAbility,AbstractSmiteAbility > ToggleManaAbility
Smite_Archon,SmiteArchonAbility,ToggleManaAbility,AbstractSmiteAbility > ToggleManaAbility
Smite_Blast_Wave,BlastWaveAbility,ToggleManaAbility,ToggleManaAbility
Smite_Thunderstorm,SmiteThunderstormAbility,ToggleManaAbility,AbstractSmiteAbility > ToggleManaAbility
Summon_Eternal_Base,SummonEternalAbility,InstantManaAbility,InstantManaAbility
Empower_Base,EmpowerAbility,ToggleManaAbility,AbstractEmpowerAbility > ToggleManaAbility
Empower_Ice_Armor,EmpowerIceArmourAbility,ToggleManaAbility,AbstractEmpowerAbility > ToggleManaAbility
Empower_Slowness_Aura,EmpowerSlownessAuraAbility,ToggleManaAbility,AbstractEmpowerAbility > ToggleManaAbility
Vein_Miner_Base,VeinMinerAbility,HoldAbility,AbstractVeinMinerAbility > HoldAbility
Vein_Miner_Fortune,VeinMinerFortuneAbility,HoldAbility,VeinMinerAbility > AbstractVeinMinerAbility > HoldAbility
Vein_Miner_Durability,VeinMinerDurabilityAbility,HoldAbility,VeinMinerAbility > AbstractVeinMinerAbility > HoldAbility
Vein_Miner_Void,VeinMinerVoidAbility,HoldAbility,VeinMinerAbility > AbstractVeinMinerAbility > HoldAbility
Vein_Miner_Chain,VeinMinerChainAbility,HoldAbility,AbstractVeinMinerAbility > HoldAbility
Hunter_Base,HunterAbility,InstantManaAbility,InstantManaAbility
Javelin_Sight,JavelinSightAbility,InstantManaAbility,AbstractJavelinAbility > InstantManaAbility
Farmer_Base,FarmerAbility,ToggleManaAbility,AbstractFarmerAbility > ToggleManaAbility
Farmer_Melon,FarmerMelonAbility,ToggleManaAbility,FarmerAbility > AbstractFarmerAbility > ToggleManaAbility
Farmer_Cactus,FarmerCactusAbility,ToggleManaAbility,FarmerAbility > AbstractFarmerAbility > ToggleManaAbility
Farmer_Animal,FarmerAnimalAbility,ToggleManaAbility,FarmerAbility > AbstractFarmerAbility > ToggleManaAbility
Mana_Shield_Base,ManaShieldAbility,InstantManaAbility,InstantManaAbility
Mana_Barrier,ManaBarrierAbility,InstantManaAbility,InstantManaAbility
Shield_Bash,ShieldBashAbility,InstantManaAbility,InstantManaAbility
Shield_Bash_Earthshatter,ShieldBashEarthshatterAbility,InstantManaAbility,ShieldBashAbility > InstantManaAbility
Shield_Bash_Battering_Ram,ShieldBashBatteringRamAbility,InstantManaAbility,ShieldBashAbility > InstantManaAbility
Mana_Shield_Retribution,ShieldBashRetributionAbility,InstantManaAbility,InstantManaAbility
Mana_Shield_Implode,ImplodeAbility,InstantManaAbility,InstantManaAbility
Implode_Life_Tap,LifeTapAbility,InstantAbility,InstantAbility
Taunt_Base,TauntAbility,InstantManaAbility,AbstractTauntAbility > InstantManaAbility
Taunt_Repel,TauntRepelAbility,InstantManaAbility,AbstractTauntAbility > InstantManaAbility
Taunt_Decoy,DecoyAbility,InstantManaAbility,AbstractTauntAbility > InstantManaAbility
Taunt_Charm,TauntCharmAbility,InstantManaAbility,AbstractTauntAbility > InstantManaAbility
Stonefall_Base,StonefallAbility,InstantManaAbility,AbstractStonefallAbility > InstantManaAbility
Stonefall_Snow,StonefallSnowAbility,InstantManaAbility,AbstractStonefallAbility > InstantManaAbility
Stonefall_Cold,StonefallColdAbility,InstantManaAbility,AbstractStonefallAbility > InstantManaAbility
Totem_Base,TotemAbility,InstantManaAbility,AbstractTotemAbility > InstantManaAbility
Totem_Player_Damage,TotemPlayerDamageAbility,InstantManaAbility,AbstractTotemAbility > InstantManaAbility
Totem_Mana_Regen,TotemManaRegenAbility,InstantManaAbility,AbstractTotemAbility > InstantManaAbility
Totem_Mob_Damage,TotemMobDamageAbility,InstantManaAbility,AbstractTotemAbility > InstantManaAbility
Javelin_Base,JavelinAbility,InstantManaAbility,AbstractJavelinAbility > InstantManaAbility
Javelin_Piercing,JavelinPiercingAbility,InstantManaAbility,AbstractJavelinAbility > InstantManaAbility
Javelin_Scatter,JavelinScatterAbility,InstantManaAbility,AbstractJavelinAbility > InstantManaAbility
Shell_Base,ShellAbility,ToggleManaAbility,AbstractShellAbility > ToggleManaAbility
Shell_Porcupine,ShellPorcupineAbility,ToggleManaAbility,AbstractShellAbility > ToggleManaAbility
Shell_Quill,ShellQuillAbility,ToggleManaAbility,ShellPorcupineAbility > AbstractShellAbility > ToggleManaAbility
Fireball_Base,FireballAbility,InstantManaAbility,AbstractFireballAbility > InstantManaAbility
Fireball_Volley,BouncingFireballAbility,InstantManaAbility,AbstractFireballAbility > InstantManaAbility
Fireball_Fireshot,FireballFireshotAbility,InstantManaAbility,AbstractFireballAbility > InstantManaAbility
Storm_Arrow_Base,StormArrowAbility,InstantManaAbility,AbstractStormArrowAbility > InstantManaAbility
Storm_Arrow_Blizzard,StormArrowBlizzardAbility,InstantManaAbility,AbstractStormArrowAbility > InstantManaAbility
Battle_Cry_Base,BonkAbility,InstantManaAbility,AbstractBonkAbility > InstantManaAbility
Battle_Cry_Spectral_Strike,BonkSpectralStrikeAbility,InstantManaAbility,AbstractBonkAbility > InstantManaAbility
Battle_Cry_Lucky_Strike,BonkLuckyStrikeAbility,InstantManaAbility,AbstractBonkAbility > InstantManaAbility
Ice_Bolt_Base,IceBoltArrowAbility,InstantManaAbility,AbstractIceBoltAbility > InstantManaAbility
Ice_Bolt_Blast,IceBoltChunkAbility,InstantManaAbility,AbstractIceBoltAbility > InstantManaAbility
Shard_Blizzard,ShardBlizzardAbility,InstantManaAbility,InstantManaAbility
Arcane_Base,ArcaneAbility,HoldManaAbility,HoldManaAbility
Arcane_Rail,ArcaneRailAbility,InstantManaAbility,InstantManaAbility
Arcane_Prism,ArcanePrismAbility,InstantManaAbility,InstantManaAbility
Earthquake_Base,EarthquakeAbility,InstantManaAbility,AbstractEarthquakeAbility > InstantManaAbility
Earthquake_Singularity,EarthquakeSingularityAbility,InstantManaAbility,EarthquakeAbility > AbstractEarthquakeAbility > InstantManaAbility
Earthquake_Tremor,EarthquakeTremorAbility,InstantManaAbility,EarthquakeAbility > AbstractEarthquakeAbility > InstantManaAbility
Earthquake_Landmine,EarthquakeLandmineAbility,InstantManaAbility,AbstractEarthquakeAbility > InstantManaAbility
Chain_Lightning_Base,ChainLightningAbility,InstantManaAbility,AbstractChainLightningAbility > InstantManaAbility
Chain_Lightning_Orbs,LightningOrbsAbility,InstantManaAbility,AbstractChainLightningAbility > InstantManaAbility
Chain_Lightning_Charged_Bolts,ChargedBoltsAbility,InstantManaAbility,AbstractChainLightningAbility > InstantManaAbility
Necromancy_Base,NecromancyWarriorAbility,InstantManaAbility,NecromancyAbility > InstantManaAbility
Necromancy_Archer,NecromancyArcherAbility,InstantManaAbility,NecromancyAbility > InstantManaAbility
Necromancy_Golem,NecromancyGolemAbility,InstantManaAbility,NecromancyAbility > InstantManaAbility
Grenade_Base,GrenadeAbility,InstantManaAbility,InstantManaAbility
Grenade_Sticky,GrenadeAbility,InstantManaAbility,InstantManaAbility
Toxic_Grenade,ToxicGrenadeAbility,InstantManaAbility,InstantManaAbility
